tag,link
.NET Development,https://internshala.com/internships/.net%20development-internship
3D Printing,https://internshala.com/internships/3d%20printing-internship
Accounts,https://internshala.com/internships/accounts-internship
Acting,https://internshala.com/internships/acting-internship
Aerospace Engineering,https://internshala.com/internships/aerospace-internship
Agriculture & Food Engineering,https://internshala.com/internships/agriculture%20and%20food%20engineering-internship
Analytics,https://internshala.com/internships/analytics-internship
Android App Development,https://internshala.com/internships/android-internship
Angular.js Development,https://internshala.com/internships/angular.js%20development-internship
Animation,https://internshala.com/internships/animation-internship
Architecture,https://internshala.com/internships/architecture-internship
Artificial Intelligence (AI),https://internshala.com/internships/artificial%20intelligence%20(ai)-internship
ASP.NET Development,https://internshala.com/internships/asp.net-internship
Automobile Engineering,https://internshala.com/internships/automobile%20engineering-internship
Backend Development,https://internshala.com/internships/backend%20development-internship
Big Data,https://internshala.com/internships/big%20data-internship
Bioinformatics,https://internshala.com/internships/bioinformatics-internship
Biology,https://internshala.com/internships/biology-internship
Biotechnology Engineering,https://internshala.com/internships/biotech-internship
Blogging,https://internshala.com/internships/blogging-internship
Brand Management,https://internshala.com/internships/brand%20management-internship
CAD Design,https://internshala.com/internships/cad%20design-internship
Campus Ambassador,https://internshala.com/internships/campus%20ambassador-internship
Chartered Accountancy (CA),https://internshala.com/internships/chartered%20accountancy%20(ca)-internship
Chemical Engineering,https://internshala.com/internships/chemical-internship
Chemistry,https://internshala.com/internships/chemistry-internship
Cinematography,https://internshala.com/internships/cinematography-internship
Civil Engineering,https://internshala.com/internships/civil-internship
Client Servicing,https://internshala.com/internships/client%20servicing-internship
Cloud Computing,https://internshala.com/internships/cloud%20computing-internship
Commerce,https://internshala.com/internships/commerce-internship
Company Secretary (CS),https://internshala.com/internships/company%20secretary%20(cs)-internship
Computer Science,https://internshala.com/internships/computer%20science-internship
Computer Vision,https://internshala.com/internships/computer%20vision-internship
Content Writing,https://internshala.com/internships/content%20writing-internship
Copywriting,https://internshala.com/internships/copywriting-internship
Creative Design,https://internshala.com/internships/creative%20design-internship
Creative Writing,https://internshala.com/internships/creative%20writing-internship
Customer Service,https://internshala.com/internships/customer%20service-internship
Cyber Security,https://internshala.com/internships/cyber%20security-internship
Data Entry,https://internshala.com/internships/data%20entry-internship
Data Science,https://internshala.com/internships/data%20science-internship
Database Building,https://internshala.com/internships/database%20building-internship
Design,https://internshala.com/internships/cad%20design-internship
Digital Marketing,https://internshala.com/internships/digital%20marketing-internship
Editorial,https://internshala.com/internships/editorial-internship
Electrical Engineering,https://internshala.com/internships/electrical-internship
Electronics Engineering,https://internshala.com/internships/electronics-internship
Embedded Systems,https://internshala.com/internships/embedded%20systems-internship
Energy Science & Engineering,https://internshala.com/internships/energy%20science%20and%20engineering-internship
Engineering,https://internshala.com/internships/aerospace-internship
Engineering Design,https://internshala.com/internships/engineering%20design-internship
Engineering Physics,https://internshala.com/internships/engineering%20physics-internship
Environmental Sciences,https://internshala.com/internships/environmental%20sciences-internship
Event Management,https://internshala.com/internships/event%20management-internship
Facebook Marketing,https://internshala.com/internships/facebook%20marketing-internship
Fashion Design,https://internshala.com/internships/fashion%20design-internship
Film Making,https://internshala.com/internships/film%20making-internship
Finance,https://internshala.com/internships/finance-internship
Front End Development,https://internshala.com/internships/front%20end%20development-internship
Full Stack Development,https://internshala.com/internships/full%20stack%20development-internship
Fundraising,https://internshala.com/internships/fundraising-internship
Game Development,https://internshala.com/internships/game%20development-internship
General Management,https://internshala.com/internships/general%20management-internship
Government,https://internshala.com/internships/government-internship
Graphic Design,https://internshala.com/internships/graphic%20design-internship
Hospitality,https://internshala.com/internships/hospitality-internship
Hotel Management,https://internshala.com/internships/hotel%20management-internship
Human Resources (HR),https://internshala.com/internships/hr-internship
Humanities,https://internshala.com/internships/humanities-internship
Image Processing,https://internshala.com/internships/image%20processing-internship
Industrial & Production Engineering,https://internshala.com/internships/industrial%20and%20production%20engineering-internship
Industrial Design,https://internshala.com/internships/industrial%20design-internship
Information Technology,https://internshala.com/internships/information%20technology-internship
Instrumentation & Control Engineering,https://internshala.com/internships/instrumentation%20and%20control%20engineering-internship
Interior Design,https://internshala.com/internships/interior%20design-internship
Internet of Things (IoT),https://internshala.com/internships/internet%20of%20things%20(iot)-internship
iOS App Development,https://internshala.com/internships/ios-internship
Java Development,https://internshala.com/internships/java-internship
Javascript Development,https://internshala.com/internships/javascript%20development-internship
Journalism,https://internshala.com/internships/journalism-internship
Law,https://internshala.com/internships/law-internship
Legal Research,https://internshala.com/internships/legal%20research-internship
Machine Learning,https://internshala.com/internships/machine%20learning-internship
Magento Development,https://internshala.com/internships/magento%20development-internship
Manufacturing Engineering,https://internshala.com/internships/manufacturing%20engineering-internship
Market Business Research,https://internshala.com/internships/market%2Fbusiness%20research-internship
Marketing,https://internshala.com/internships/digital%20marketing-internship
Material Science,https://internshala.com/internships/material%20science-internship
Mathematics,https://internshala.com/internships/mathematics-internship
Mathematics & Computing,https://internshala.com/internships/mathematics%20and%20computing-internship
MBA,https://internshala.com/internships/mba-internship
Mechanical Engineering,https://internshala.com/internships/mechanical-internship
Mechatronics,https://internshala.com/internships/mechatronics-internship
Media,https://internshala.com/internships/media-internship
Medicine,https://internshala.com/internships/medicine-internship
Merchandise Design,https://internshala.com/internships/merchandise%20design-internship
Metallurgical Engineering,https://internshala.com/internships/metallurgy-internship
Mobile App Development,https://internshala.com/internships/mobile%20app%20development-internship
Motion Graphics,https://internshala.com/internships/motion%20graphics-internship
Naval Architecture and Ocean Engineeering,https://internshala.com/internships/naval%20and%20ocean-internship
Network Engineering,https://internshala.com/internships/network%20engineering-internship
NGO,https://internshala.com/internships/ngo-internship
Node.js Development,https://internshala.com/internships/node.js%20development-internship
Operations,https://internshala.com/internships/operations-internship
Pharmaceutical,https://internshala.com/internships/pharmaceutical-internship
Photography,https://internshala.com/internships/photography-internship
PHP Development,https://internshala.com/internships/php%20development-internship
Physics,https://internshala.com/internships/engineering%20physics-internship
Political Economics Policy Research,https://internshala.com/internships/political%2Feconomics%2Fpolicy%20research-internship
Public Relations (PR),https://internshala.com/internships/pr-internship
Product Management,https://internshala.com/internships/product-internship
Programming,https://internshala.com/internships/programming-internship
Psychology,https://internshala.com/internships/psychology-internship
Python Django Development,https://internshala.com/internships/python%2Fdjango-internship
Recruitment,https://internshala.com/internships/recruitment-internship
Robotics,https://internshala.com/internships/robotics-internship
Ruby on Rails,https://internshala.com/internships/ruby%20on%20rails-internship
Sales,https://internshala.com/internships/sales-internship
Science,https://internshala.com/internships/computer%20science-internship
Search Engine Optimization (SEO),https://internshala.com/internships/search%20engine%20optimization%20(seo)-internship
Social Media Marketing,https://internshala.com/internships/social%20media%20marketing-internship
Social Work,https://internshala.com/internships/social%20work-internship
Software Development,https://internshala.com/internships/software%20development-internship
Software Testing,https://internshala.com/internships/software%20testing-internship
Statistics,https://internshala.com/internships/statistics-internship
Strategy,https://internshala.com/internships/strategy-internship
Supply Chain Management (SCM),https://internshala.com/internships/supply%20chain%20management%20(scm)-internship
Talent Acquisition,https://internshala.com/internships/talent%20acquisition-internship
Teaching,https://internshala.com/internships/teaching-internship
Telecalling,https://internshala.com/internships/telecalling-internship
Travel & Tourism,https://internshala.com/internships/travel%20and%20tourism-internship
UI UX Design,https://internshala.com/internships/ui%2Fux-internship
Video Making Editing,https://internshala.com/internships/video%20making%2Fediting-internship
Videography,https://internshala.com/internships/videography-internship
Volunteering,https://internshala.com/internships/volunteering-internship
Web Development,https://internshala.com/internships/web%20development-internship
Wordpress Development,https://internshala.com/internships/wordpress%20development-internship
